[
  {
    "_id": "5892f97dd69d9264051d1631",
    "_parentId": "5892f97dd69d9264051d1630",
    "_type": "block",
    "_isAvailable": true,
    "_isOptional": false,
    "_trackingId": 1,
    "_classes": "",
    "body": "",
    "displayTitle": " ",
    "title": " ",
    "_assessment": {
      "_quizBankID": 1
    },
    "_trickle": {
      "_isEnabled": true,
      "_autoScroll": true,
      "_scrollDuration": 500,
      "_scrollTo": "@block +1",
      "_button": {
        "_isEnabled": false,
        "_styleBeforeCompletion": "hidden",
        "_styleAfterClick": "hidden",
        "_isFullWidth": true,
        "_autoHide": true,
        "_className": "",
        "text": "Continue",
        "startText": "Begin",
        "finalText": "Finish",
        "_component": "trickle-button"
      },
      "_stepLocking": {
        "_isEnabled": true,
        "_isCompletionRequired": true,
        "_isLockedOnRevisit": false
      }
    }
  },
  {
    "_id": "5892f556d69d9264051d1628",
    "_parentId": "5892f556d69d9264051d1627",
    "_type": "block",
    "_isAvailable": true,
    "_isOptional": false,
    "_trackingId": 2,
    "_classes": "",
    "body": "",
    "displayTitle": "",
    "title": " ",
    "_assessment": {
      "_quizBankID": 1
    },
    "_trickle": {
      "_isEnabled": false,
      "_autoScroll": false,
      "_scrollDuration": 500,
      "_scrollTo": "@block +1",
      "_button": {
        "_isEnabled": false,
        "_styleBeforeCompletion": "hidden",
        "_styleAfterClick": "hidden",
        "_isFullWidth": "true",
        "_autoHide": "true",
        "_className": "",
        "text": "Continue",
        "startText": "Begin",
        "finalText": "Finish",
        "_component": "trickle-button"
      },
      "_stepLocking": {
        "_isEnabled": true,
        "_isCompletionRequired": true,
        "_isLockedOnRevisit": false
      }
    }
  },
  {
    "_id": "5892efe5d69d9264051d1618",
    "_parentId": "5892efe5d69d9264051d1617",
    "_type": "block",
    "_isAvailable": true,
    "_isOptional": false,
    "_trackingId": 3,
    "_classes": "",
    "body": "",
    "displayTitle": " ",
    "title": " ",
    "_assessment": {
      "_quizBankID": 1
    },
    "_trickle": {
      "_isEnabled": false,
      "_autoScroll": false,
      "_scrollDuration": 500,
      "_scrollTo": "@block +1",
      "_button": {
        "_isEnabled": false,
        "_styleBeforeCompletion": "hidden",
        "_styleAfterClick": "hidden",
        "_isFullWidth": "true",
        "_autoHide": "true",
        "_className": "",
        "text": "Continue",
        "startText": "Begin",
        "finalText": "Finish",
        "_component": "trickle-button"
      },
      "_stepLocking": {
        "_isEnabled": true,
        "_isCompletionRequired": true,
        "_isLockedOnRevisit": false
      }
    }
  },
  {
    "_id": "5892fadfd69d9264051d1635",
    "_parentId": "5892f97dd69d9264051d1630",
    "_type": "block",
    "_isAvailable": true,
    "_isOptional": false,
    "_trackingId": 4,
    "_classes": "",
    "body": "",
    "displayTitle": " ",
    "title": " ",
    "_assessment": {
      "_quizBankID": 1
    },
    "_trickle": {
      "_isEnabled": true,
      "_autoScroll": true,
      "_scrollDuration": 500,
      "_scrollTo": "@block +1",
      "_button": {
        "_isEnabled": false,
        "_styleBeforeCompletion": "hidden",
        "_styleAfterClick": "hidden",
        "_isFullWidth": true,
        "_autoHide": true,
        "_className": "",
        "text": "Continue",
        "startText": "Begin",
        "finalText": "Finish",
        "_component": "trickle-button"
      },
      "_stepLocking": {
        "_isEnabled": true,
        "_isCompletionRequired": true,
        "_isLockedOnRevisit": false
      }
    }
  },
  {
    "_id": "5892f28fd69d9264051d161d",
    "_parentId": "5892efe5d69d9264051d1617",
    "_type": "block",
    "_isAvailable": true,
    "_isOptional": false,
    "_trackingId": 5,
    "_classes": "",
    "body": "",
    "displayTitle": " ",
    "title": " ",
    "_assessment": {
      "_quizBankID": 1
    },
    "_trickle": {
      "_isEnabled": false,
      "_autoScroll": false,
      "_scrollDuration": 500,
      "_scrollTo": "@block +1",
      "_button": {
        "_isEnabled": false,
        "_styleBeforeCompletion": "hidden",
        "_styleAfterClick": "hidden",
        "_isFullWidth": "true",
        "_autoHide": "true",
        "_className": "",
        "text": "Continue",
        "startText": "Begin",
        "finalText": "Finish",
        "_component": "trickle-button"
      },
      "_stepLocking": {
        "_isEnabled": true,
        "_isCompletionRequired": true,
        "_isLockedOnRevisit": false
      }
    }
  },
  {
    "_id": "5892f62fd69d9264051d162a",
    "_parentId": "5892f556d69d9264051d1627",
    "_type": "block",
    "_isAvailable": true,
    "_isOptional": false,
    "_trackingId": 6,
    "_classes": "",
    "body": "",
    "displayTitle": " ",
    "title": " ",
    "_assessment": {
      "_quizBankID": 1
    },
    "_trickle": {
      "_isEnabled": false,
      "_autoScroll": false,
      "_scrollDuration": 500,
      "_scrollTo": "@block +1",
      "_button": {
        "_isEnabled": false,
        "_styleBeforeCompletion": "hidden",
        "_styleAfterClick": "hidden",
        "_isFullWidth": "true",
        "_autoHide": "true",
        "_className": "",
        "text": "Continue",
        "startText": "Begin",
        "finalText": "Finish",
        "_component": "trickle-button"
      },
      "_stepLocking": {
        "_isEnabled": true,
        "_isCompletionRequired": true,
        "_isLockedOnRevisit": false
      }
    }
  },
  {
    "_id": "58ada40add75b65e059450cd",
    "_parentId": "5892f97dd69d9264051d1630",
    "_type": "block",
    "_isAvailable": true,
    "_isOptional": false,
    "_trackingId": 7,
    "_classes": "",
    "body": "",
    "displayTitle": " ",
    "title": " ",
    "_assessment": {
      "_quizBankID": 1
    },
    "_trickle": {
      "_isEnabled": true,
      "_autoScroll": true,
      "_scrollDuration": 500,
      "_scrollTo": "@block +1",
      "_button": {
        "_isEnabled": false,
        "_styleBeforeCompletion": "hidden",
        "_styleAfterClick": "hidden",
        "_isFullWidth": true,
        "_autoHide": true,
        "_className": "",
        "text": "Continue",
        "startText": "Begin",
        "finalText": "Finish",
        "_component": "trickle-button"
      },
      "_stepLocking": {
        "_isEnabled": true,
        "_isCompletionRequired": true,
        "_isLockedOnRevisit": false
      }
    }
  },
  {
    "_id": "589303aed69d9264051d163c",
    "_parentId": "5892f97dd69d9264051d1630",
    "_type": "block",
    "_isAvailable": true,
    "_isOptional": false,
    "_trackingId": 8,
    "_classes": "",
    "body": "",
    "displayTitle": " ",
    "title": " ",
    "_assessment": {
      "_quizBankID": 1
    },
    "_trickle": {
      "_isEnabled": true,
      "_autoScroll": true,
      "_scrollDuration": 500,
      "_scrollTo": "@block +1",
      "_button": {
        "_isEnabled": false,
        "_styleBeforeCompletion": "hidden",
        "_styleAfterClick": "hidden",
        "_isFullWidth": true,
        "_autoHide": true,
        "_className": "",
        "text": "Continue",
        "startText": "Begin",
        "finalText": "Finish",
        "_component": "trickle-button"
      },
      "_stepLocking": {
        "_isEnabled": true,
        "_isCompletionRequired": true,
        "_isLockedOnRevisit": false
      }
    }
  },
  {
    "_id": "5892fabcd69d9264051d1633",
    "_parentId": "5892f97dd69d9264051d1630",
    "_type": "block",
    "_isAvailable": true,
    "_isOptional": false,
    "_trackingId": 9,
    "_classes": "",
    "body": "",
    "displayTitle": " ",
    "title": " ",
    "_assessment": {
      "_quizBankID": 1
    },
    "_trickle": {
      "_isEnabled": false,
      "_autoScroll": false,
      "_scrollDuration": 500,
      "_scrollTo": "@block +1",
      "_button": {
        "_isEnabled": false,
        "_styleBeforeCompletion": "hidden",
        "_styleAfterClick": "hidden",
        "_isFullWidth": "true",
        "_autoHide": "true",
        "_className": "",
        "text": "Continue",
        "startText": "Begin",
        "finalText": "Finish",
        "_component": "trickle-button"
      },
      "_stepLocking": {
        "_isEnabled": true,
        "_isCompletionRequired": true,
        "_isLockedOnRevisit": false
      }
    }
  }
]