[
  {
    "_graphic": {
      "alt": "",
      "src": "course/en/assets/b3554f5f187fb1fe0405a425ac5158c2de0df77e.png"
    },
    "_id": "5892efe5d69d9264051d1616",
    "_parentId": "course",
    "_type": "page",
    "_isAvailable": true,
    "_isOptional": false,
    "_lockedBy": [],
    "duration": "5 min",
    "linkText": "View",
    "_classes": "",
    "body": "",
    "displayTitle": " Text & Visuals",
    "title": " Text & Visuals",
    "_pageLevelProgress": {
      "_isEnabled": true,
      "_showPageCompletion": true
    },
    "_bookmarking": {
      "_isEnabled": true,
      "_level": "page"
    }
  },
  {
    "_graphic": {
      "alt": "",
      "src": "course/en/assets/eafe990a40012d8d1f0fd4ec91f50b7a30247a48.png"
    },
    "_id": "5892f556d69d9264051d1626",
    "_parentId": "course",
    "_type": "page",
    "_isAvailable": true,
    "_isOptional": false,
    "_lockedBy": [
      "1"
    ],
    "duration": "3 min",
    "linkText": "View",
    "_classes": "",
    "body": "",
    "displayTitle": "Media",
    "title": "Media",
    "_pageLevelProgress": {
      "_isEnabled": true,
      "_showPageCompletion": true
    },
    "_bookmarking": {
      "_isEnabled": true,
      "_level": "page"
    }
  },
  {
    "_graphic": {
      "alt": "",
      "src": "course/en/assets/833c940caaf13be9666036f8e971b096fe733344.png"
    },
    "_id": "5892f97dd69d9264051d162f",
    "_parentId": "course",
    "_type": "page",
    "_isAvailable": true,
    "_isOptional": false,
    "_lockedBy": [],
    "duration": "3 min",
    "linkText": "View",
    "_classes": "",
    "body": "",
    "displayTitle": "Assessment",
    "title": "Assessment",
    "_pageLevelProgress": {
      "_isEnabled": true,
      "_showPageCompletion": true
    },
    "_bookmarking": {
      "_isEnabled": true,
      "_level": "page"
    }
  }
]