{
  "_globals": {
    "_accessibility": {
      "_accessibilityToggleTextOn": "Turn accessibility on?",
      "_accessibilityToggleTextOff": "Turn accessibility off?",
      "_accessibilityInstructions": {
        "touch": "Usage instructions. Use swipe left for next. Use swipe right for previous. Use a double tab to select. Use a two finger slide up to go to the top of the page.",
        "notouch": "Usage instructions. Use tab for next. Use shift tab for previous. Use enter to select. Use escape to go to the top of the page.",
        "ipad": "Usage instructions for touchscreens. Use swipe left for next. Use swipe right for previous. Use a double tab to select. Use a two finger slide up to go to the top of the page. Usage instructions for keyboard access. Use left for next. Use right for previous. Use up and down together to select."
      },
      "_ariaLabels": {
        "navigation": "Course navigation bar",
        "menuLoaded": "Menu loaded",
        "menu": "Menu",
        "menuItem": "Menu item",
        "menuViewButton": "Select here to enter",
        "page": "Page",
        "pageLoaded": "Page loaded",
        "previous": "Back",
        "navigationBack": "Navigate back",
        "navigationDrawer": "Open course resources and search",
        "closeResources": "Close resources",
        "drawerBack": "Back to drawer",
        "drawer": "Side drawer",
        "closePopup": "Close popup",
        "next": "Next",
        "done": "Done",
        "complete": "Complete",
        "incomplete": "Incomplete",
        "correct": "Correct",
        "locked": "Locked",
        "accessibilityToggleButton": "By selecting this button you can set whether accessibility is turned on or off",
        "feedbackPopUp": "Popup opened",
        "visited": "Visited",
        "menuBack": "Back to menu",
        "menuIndicatorHeading": "Menu item heading "
      }
    },
    "_components": {
      "_narrative": {
        "ariaRegion": "This component displays an image gallery with accompanying text. Use the next and back navigation controls to work through the narrative."
      },
      "_accordion": {
        "ariaRegion": "This component is an accordion comprised of collapsible content panels containing display text. Select the item titles to toggle the visibility of these content panels."
      },
      "_gmcq": {
        "ariaRegion": "This component is a graphical multiple choice question. Once you have selected an option select the submit button below."
      },
      "_media": {
        "ariaRegion": "This is a media component which plays a video. Select the play / pause button to watch or listen.",
        "transcriptButton": "Alternatively you can select the link below for the transcript."
      },
      "_textinput": {
        "ariaRegion": "This question component requires you to input your answer in the textbox provided. When you have answered the question select the submit button below."
      },
      "_mcq": {
        "ariaRegion": "This component is a multiple choice question. Once you have selected an option select the submit button below"
      },
      "_slider": {
        "ariaRegion": "This component requires you to answer the question by selecting the relevant value. After selecting a value select the submit button below."
      }
    },
    "_extensions": {
      "_pageLevelProgress": {
        "pageLevelProgress": "Page sections",
        "pageLevelProgressIndicatorBar": "Progress bar. Select here to view your current progress, and select an item to navigate to it. You have completed ",
        "pageLevelProgressMenuBar": "You have completed ",
        "pageLevelProgressEnd": "You have reached the end of the list of page sections.",
        "optionalContent": "Optional Content"
      }
    }
  },
  "_id": "course",
  "_start": {
    "_isEnabled": false,
    "_startIds": [],
    "_force": false,
    "_isMenuDisabled": false
  },
  "_type": "course",
  "_lockType": "",
  "_classes": "",
  "_buttons": {
    "_submit": {
      "buttonText": "Submit",
      "ariaLabel": "Submit"
    },
    "_reset": {
      "buttonText": "Reset",
      "ariaLabel": "Reset"
    },
    "_showCorrectAnswer": {
      "buttonText": "Show correct answer",
      "ariaLabel": "Show correct answer"
    },
    "_hideCorrectAnswer": {
      "buttonText": "Hide correct answer",
      "ariaLabel": "Hide correct answer"
    },
    "_showFeedback": {
      "buttonText": "Show feedback",
      "ariaLabel": "Show feedback"
    },
    "remainingAttemptsText": "remaining attempts",
    "remainingAttemptText": "final attempt",
    "disabledAriaLabel": "This button is disabled at the moment"
  },
  "_latestTrackingId": 9,
  "body": "<p><strong><span>Welcome to EY&rsquo;s Demo Mobile Learning App. Click on the boxes below to access the modules.</span></strong></p>\n",
  "displayTitle": "EY Mobile Learning",
  "title": "EY Mobile Learning",
  "_assessment": {
    "_postTotalScoreToLms": true,
    "_isPercentageBased": true,
    "_scoreToPass": 60,
    "_requireAssessmentPassed": true
  },
  "_pageLevelProgress": {
    "_isEnabled": true,
    "_showPageCompletion": true
  },
  "_resources": {
    "_isEnabled": false,
    "title": "Resources",
    "description": "Click here to view resources for this course",
    "_filterButtons": {
      "all": "All",
      "document": "Documents",
      "media": "Media",
      "link": "Links"
    },
    "_filterAria": {
      "allAria": "View all resources",
      "documentAria": "View document resources",
      "mediaAria": "View media resources",
      "linkAria": "View resource links"
    },
    "_resourcesItems": []
  },
  "_bookmarking": {
    "_isEnabled": true,
    "_level": "block",
    "title": "Bookmarking",
    "body": "Bookmarking",
    "_buttons": {
      "yes": "Yes",
      "no": "No"
    }
  }
}